Date/Time,VV_Ka_0,VV_Ka_45,HH_Ka_0,HH_Ka_45,HV_Ka_0,HV_Ka_45,,VV_Ku_0,VV_Ku_45,HH_Ku_0,HH_Ku_45,HV_Ku_0,HV_Ku_45
9/9/2020 0:20,2.763891532,-2.221509568,2.989631653,-3.491471175,-3.866506347,-6.217164567,,2.014373333,-5.446516467,2.265183222,-6.12326866,-9.55384267,-10.972878
9/9/2020 1:16,2.781501532,-2.285168568,3.007241653,-3.554511175,-3.941166347,-6.316234567,,2.200453333,-5.440356467,2.451263222,-6.09222866,-9.63394267,-10.994578
9/9/2020 2:12,2.849181532,-2.189909568,3.004921653,-3.335801175,-3.785746347,-6.251714567,,2.208723333,-5.529166467,2.459533222,-6.02879866,-9.70694267,-11.064578
9/9/2020 3:08,3.032191532,-2.264665568,3.117931653,-3.446461175,-3.889296347,-6.355534567,,2.281483333,-5.540286467,2.532293222,-6.15947866,-9.77774267,-11.053978
9/9/2020 4:04,2.960381532,-2.328753568,3.186121653,-3.523751175,-3.887706347,-6.429794567,,2.556553333,-5.488886467,2.807363222,-6.12302866,-9.84534267,-11.054178
9/9/2020 5:00,3.085891532,-2.483689568,3.211631653,-3.561811175,-4.096116347,-6.586674567,,2.266343333,-5.504816467,2.517153222,-6.22122866,-9.83344267,-11.084278
9/9/2020 5:56,3.080211532,-2.429839568,3.205951653,-3.614991175,-3.996146347,-6.580074567,,2.142163333,-5.486236467,2.392973222,-6.17800866,-9.80064267,-11.049578
9/9/2020 6:52,3.074151532,-2.538671568,3.199891653,-3.700961175,-4.063646347,-6.601344567,,2.066023333,-5.528036467,2.316833222,-6.20268866,-9.83354267,-11.069578
9/9/2020 7:48,3.265681532,-2.433044568,3.391421653,-3.607311175,-4.080706347,-6.626814567,,2.069543333,-5.568086467,2.320353222,-6.23289866,-9.83164267,-11.098278
9/9/2020 8:44,3.261621532,-2.560512568,3.387361653,-3.697661175,-4.107496347,-6.653494567,,1.975113333,-5.567746467,2.225923222,-6.24295866,-9.81604267,-11.095778
9/9/2020 9:40,3.108741532,-2.379144568,3.234481653,-3.570041175,-4.196406347,-6.573084567,,1.838773333,-5.547646467,2.089583222,-6.16866866,-9.77984267,-11.166978
9/9/2020 10:36,2.869901532,-2.402220568,2.995641653,-3.757891175,-4.221296347,-6.516754567,,1.988913333,-5.583126467,2.239723222,-6.24671866,-9.78234267,-11.181078
9/9/2020 11:32,2.717051532,-1.930960568,2.842791653,-3.131451175,-3.937256347,-6.330884567,,1.919973333,-5.551956467,2.170783222,-6.16247866,-9.60784267,-11.192578
9/9/2020 12:28,2.724021532,-1.946383568,2.849761653,-2.779481175,-4.001986347,-6.154614567,,2.140533333,-5.526756467,2.391343222,-5.94301866,-9.62974267,-10.997978
9/9/2020 13:24,2.700461532,-2.547534568,2.826201653,-3.390561175,-4.048076347,-6.383704567,,2.249383333,-5.430256467,2.500193222,-5.92645866,-9.84904267,-11.081278
9/9/2020 14:20,2.714461532,-1.921758568,2.840201653,-2.564641175,-4.036176347,-6.059074567,,1.985083333,-5.456216467,2.235893222,-6.10435866,-9.63394267,-11.190178
9/9/2020 15:16,2.711261532,-2.440303568,2.837001653,-3.278721175,-3.899526347,-6.140804567,,1.943423333,-5.524946467,2.194233222,-6.18901866,-9.69854267,-11.211278
9/9/2020 16:12,2.679261532,-2.008907568,2.805001653,-2.635191175,-3.893476347,-6.033814567,,2.036923333,-5.487206467,2.287733222,-6.23897866,-9.68784267,-11.181878
9/9/2020 17:08,2.600621532,-2.039067568,2.726361653,-2.797241175,-4.041056347,-6.043444567,,2.036913333,-5.511916467,2.287723222,-6.22581866,-9.69834267,-11.170478
9/9/2020 18:04,2.530161532,-2.481676568,2.655901653,-3.297931175,-4.029556347,-6.175694567,,1.858033333,-5.571926467,2.108843222,-6.21899866,-9.73004267,-11.155578
9/9/2020 19:00,2.577371532,-2.541908568,2.703111653,-3.260441175,-3.935996347,-6.221744567,,1.821493333,-5.527356467,2.072303222,-6.23603866,-9.68424267,-11.081578
9/9/2020 19:56,2.595131532,-2.510599568,2.720871653,-3.331301175,-3.944836347,-6.161534567,,1.933723333,-5.496806467,2.184533222,-6.17909866,-9.64914267,-11.084378
9/9/2020 20:52,2.653881532,-2.406040568,2.779621653,-3.288201175,-4.061796347,-6.092844567,,1.952023333,-5.417486467,2.202833222,-6.15460866,-9.63334267,-11.045978
9/9/2020 21:48,2.686031532,-2.385327568,2.811771653,-3.216241175,-4.053896347,-6.068244567,,1.938613333,-5.449456467,2.189423222,-6.13196866,-9.67254267,-10.958478
9/9/2020 22:44,2.804211532,-2.418886568,2.929951653,-3.230181175,-3.828756347,-6.050164567,,2.126193333,-5.430106467,2.377003222,-6.06630866,-9.72834267,-10.979278
9/9/2020 23:40,2.787181532,-2.394725568,2.912921653,-3.145911175,-3.923536347,-6.083274567,,2.082733333,-5.478286467,2.333543222,-6.12482866,-9.71424267,-10.997678
9/10/2020 0:36,2.824801532,-1.971352568,2.950541653,-2.571731175,-3.925826347,-5.964814567,,2.060883333,-5.537396467,2.311693222,-6.04266866,-9.81224267,-10.921078
9/10/2020 1:32,2.790841532,-1.999261568,2.916581653,-2.693101175,-3.975826347,-6.001734567,,1.949683333,-5.527706467,2.200493222,-6.14065866,-9.70494267,-11.017078
9/10/2020 2:28,2.773121532,-2.455432568,2.898861653,-3.113251175,-4.032116347,-6.156774567,,1.886653333,-5.600496467,2.137463222,-6.16770866,-9.74994267,-10.967178
9/10/2020 3:24,2.814821532,-1.949028568,2.940561653,-2.550241175,-4.052086347,-5.971044567,,1.864503333,-5.554476467,2.115313222,-6.16528866,-9.72504267,-11.044078
9/10/2020 4:20,2.873341532,-1.942340568,2.999081653,-2.677651175,-4.118736347,-5.941864567,,1.824963333,-5.577096467,2.075773222,-6.18819866,-9.73774267,-11.026978
9/10/2020 5:17,3.018571532,-1.988702568,3.144311653,-2.768081175,-3.951916347,-5.987464567,,1.823393333,-5.579036467,2.074203222,-6.17765866,-9.76204267,-11.080978
9/10/2020 6:13,3.039861532,-2.398875568,3.165601653,-3.292131175,-3.960966347,-6.092164567,,1.820813333,-5.650446467,2.071623222,-6.20186866,-9.77584267,-10.980578
9/10/2020 7:09,3.164841532,-2.426313568,3.290581653,-3.392801175,-3.971836347,-6.127654567,,1.866283333,-5.640966467,2.117093222,-6.11515866,-9.77934267,-11.075078
9/10/2020 8:05,3.160961532,-2.400213568,3.286701653,-3.280251175,-4.117036347,-6.136454567,,1.845763333,-5.635986467,2.096573222,-6.16884866,-9.78684267,-11.090778
9/10/2020 10:09,3.242988199,-2.409805568,3.36872832,-3.657208509,-4.018073013,-6.191686567,,1.843721333,-5.6733918,2.094531222,-6.15179266,-9.80590267,-11.07748467
9/10/2020 10:25,3.303538199,-2.410474568,3.42927832,-3.852259652,-4.015018728,-6.234232852,,1.84451219,-5.692550943,2.09532208,-6.146732374,-9.818691241,-11.08541038
9/10/2020 10:41,3.364088199,-2.411143568,3.48982832,-4.047310794,-4.011964442,-6.276779138,,1.845303048,-5.711710086,2.096112937,-6.141672089,-9.831479813,-11.0933361
9/10/2020 10:57,3.424638199,-2.411812568,3.55037832,-4.242361937,-4.008910156,-6.319325424,,1.846093905,-5.730869229,2.096903794,-6.136611803,-9.844268384,-11.10126181
9/10/2020 11:13,3.485188199,-2.412481568,3.61092832,-4.43741308,-4.00585587,-6.36187171,,1.846884762,-5.750028372,2.097694651,-6.131551517,-9.857056956,-11.10918752
9/10/2020 11:43,2.952881532,-2.187779568,3.078621653,-3.402681175,-4.255716347,-6.176104567,,1.626125333,-5.712526467,1.876935222,-6.52376666,-10.01934267,-11.352178
9/10/2020 12:39,3.089951532,-2.074428568,3.215691653,-3.168621175,-4.005576347,-6.066334567,,1.664958333,-5.677056467,1.915768222,-6.45417366,-10.05964267,-11.316378
9/10/2020 13:35,3.099611532,-2.029160568,3.225351653,-3.002351175,-3.933726347,-6.017544567,,1.641677333,-5.700226467,1.892487222,-6.55627466,-10.02024267,-11.338478
9/10/2020 14:31,3.026491532,-2.378882568,3.152231653,-3.572081175,-4.270086347,-6.033354567,,1.601957333,-5.730576467,1.852767222,-6.59932466,-10.03964267,-11.303578
9/10/2020 15:27,3.022871532,-1.963510568,3.148611653,-2.934861175,-3.968686347,-5.928934567,,1.573030333,-5.751536467,1.823840222,-6.55870166,-10.07674267,-11.312878
9/10/2020 16:23,3.003721532,-1.949435568,3.129461653,-3.005901175,-4.233036347,-5.941964567,,1.532300333,-5.787526467,1.783110222,-6.63257166,-10.03084267,-11.317078
9/10/2020 17:19,3.022911532,-2.008388568,3.148651653,-2.924051175,-3.927456347,-5.958294567,,1.495472333,-5.792506467,1.746282222,-6.63823966,-10.11274267,-11.311878
9/10/2020 18:15,2.942121532,-2.032447568,3.067861653,-2.986551175,-4.222956347,-5.970504567,,1.275921333,-5.868066467,1.526731222,-6.60804066,-10.13674267,-11.307778
9/10/2020 19:11,3.014321532,-2.054854568,3.140061653,-3.193131175,-4.309616347,-5.996574567,,1.376222333,-5.799876467,1.627032222,-6.66644966,-10.04964267,-11.274378
9/10/2020 20:07,2.914931532,-2.068052568,3.040671653,-3.016611175,-4.266436347,-6.009084567,,1.395471333,-5.838746467,1.646281222,-6.67084066,-10.06254267,-11.287178
9/10/2020 21:03,2.865371532,-2.104165568,2.991111653,-2.912191175,-4.101146347,-6.051164567,,1.329584333,-5.826986467,1.580394222,-6.56333766,-10.08974267,-11.299278
9/10/2020 21:59,2.922471532,-2.063600568,3.048211653,-2.933141175,-4.173316347,-6.022894567,,1.340144333,-5.830756467,1.590954222,-6.55602766,-10.00484267,-11.313878
9/10/2020 22:55,2.864281532,-2.585002568,2.990021653,-3.544501175,-4.271036347,-6.213374567,,1.244635333,-5.919776467,1.495445222,-6.53680666,-10.10694267,-11.324678
9/10/2020 23:51,2.796661532,-2.135304568,2.922401653,-2.955611175,-4.119286347,-6.082804567,,1.272102333,-5.877796467,1.522912222,-6.56595966,-10.02404267,-11.325878
9/11/2020 0:47,2.964831532,-2.160479568,3.090571653,-3.286441175,-4.260446347,-6.081594567,,1.283307333,-5.792876467,1.534117222,-6.58454466,-10.00234267,-11.291478
9/11/2020 1:43,2.944811532,-2.126981568,3.070551653,-3.006931175,-3.916336347,-6.064364567,,1.285634333,-5.796316467,1.536444222,-6.54107766,-9.95044267,-11.225378
9/11/2020 2:39,2.821561532,-2.154337568,2.947301653,-3.110591175,-4.352846347,-6.094894567,,1.307134333,-5.660746467,1.557944222,-6.47963766,-9.97524267,-11.138578
9/11/2020 3:35,2.878371532,-2.186183568,3.004111653,-3.303881175,-4.346306347,-6.097154567,,1.201014333,-5.671586467,1.451824222,-6.48043766,-9.96044267,-11.170578
9/11/2020 4:31,2.746271532,-2.167896568,2.872011653,-3.046211175,-3.987306347,-6.094364567,,1.249224333,-5.674186467,1.500034222,-6.43830766,-9.96704267,-11.206878
9/11/2020 5:27,2.816191532,-2.149001568,2.941931653,-3.219261175,-4.347806347,-6.064924567,,1.214503333,-5.719426467,1.465313222,-6.43891866,-9.97254267,-11.254278
9/11/2020 6:23,2.719941532,-2.103181568,2.845681653,-2.981221175,-4.033876347,-6.064354567,,1.178951333,-5.756666467,1.429761222,-6.42782066,-9.99674267,-11.254178
9/11/2020 7:19,2.753861532,-2.111183568,2.879601653,-2.985511175,-4.209226347,-6.064444567,,1.080067333,-5.733596467,1.330877222,-6.52563466,-9.97354267,-11.287278
9/11/2020 8:15,2.737871532,-2.123172568,2.863611653,-2.973341175,-4.165886347,-6.071044567,,0.937068333,-5.885546467,1.187878222,-6.53204366,-10.02324267,-11.356578
9/11/2020 9:12,2.740701532,-2.110430568,2.866441653,-2.949821175,-3.897296347,-6.076264567,,0.884178433,-5.887816467,1.134988322,-6.53215356,-10.07084267,-11.360678
9/11/2020 10:08,2.904191532,-2.125069568,3.029931653,-3.111521175,-4.057266347,-6.077594567,,1.033938333,-5.887086467,1.284748222,-6.66171366,-10.06254267,-11.361378
9/11/2020 11:04,2.686511532,-2.129357568,2.812251653,-2.933611175,-4.149756347,-6.088854567,,1.004120333,-5.955016467,1.254930222,-6.62849166,-10.06264267,-11.347578
9/11/2020 12:00,2.862991532,-2.149301568,2.988731653,-3.211951175,-4.144876347,-6.084494567,,0.908417333,-5.993486467,1.159227222,-6.62899466,-10.09224267,-11.358678
9/11/2020 12:56,2.678471532,-2.048531568,2.804211653,-2.938471175,-4.037306347,-6.020404567,,0.829719633,-5.979776467,1.080529522,-6.57214236,-10.09764267,-11.354778
9/11/2020 13:52,2.670931532,-2.149759568,2.796671653,-3.097581175,-4.303096347,-6.089144567,,0.934776333,-5.911416467,1.185586222,-6.61879566,-10.07504267,-11.363978
9/11/2020 14:48,2.782601532,-2.133534568,2.908341653,-3.120821175,-3.916306347,-6.091594567,,0.935456333,-5.884426467,1.186266222,-6.59629566,-9.95494267,-11.273478
9/11/2020 15:44,2.669081532,-2.125786568,2.794821653,-2.983621175,-3.979236347,-6.118504567,,0.830389933,-5.745466467,1.081199822,-6.39674206,-10.03314267,-11.228078
9/11/2020 16:40,2.677381532,-2.079156568,2.803121653,-2.893221175,-3.987826347,-6.088244567,,1.020823333,-5.599406467,1.271633222,-6.30869866,-9.81264267,-11.081978
9/11/2020 17:36,2.713861532,-2.064320568,2.839601653,-2.929041175,-3.874456347,-6.092704567,,0.959270333,-5.519786467,1.210080222,-6.07827166,-9.83704267,-10.997778
9/11/2020 18:32,2.809051532,-2.017807568,2.934791653,-2.887701175,-3.812376347,-6.058824567,,1.126295333,-5.396036467,1.377105222,-6.03777666,-9.72084267,-10.928878
9/11/2020 19:28,2.865821532,-2.012478568,2.991561653,-2.969761175,-4.004546347,-6.071444567,,1.181310333,-5.365856467,1.432120222,-6.13682166,-9.68854267,-10.935378
9/11/2020 20:24,2.699571532,-2.000757568,2.825311653,-2.812231175,-4.131666347,-6.073514567,,1.203383333,-5.378246467,1.454193222,-6.09459866,-9.69644267,-10.929378
9/11/2020 21:20,2.683961532,-2.003309568,2.809701653,-2.856231175,-3.954416347,-6.054234567,,1.145987333,-5.356356467,1.396797222,-6.15561466,-9.68664267,-10.904878
9/11/2020 22:16,2.701561532,-1.998087568,2.827301653,-2.891861175,-4.150626347,-6.051694567,,1.177845333,-5.333556467,1.428655222,-6.08041666,-9.70154267,-10.927878
9/11/2020 23:12,2.783181532,-1.992063568,2.908921653,-2.898061175,-3.826356347,-6.076014567,,1.193307333,-5.347256467,1.444117222,-6.03006466,-9.70854267,-10.943178
9/12/2020 0:08,2.664461532,-1.964754568,2.790201653,-2.745561175,-4.194616347,-6.073844567,,1.193219333,-5.384536467,1.444029222,-6.00646266,-9.67884267,-10.925378
9/12/2020 1:04,2.641851532,-1.993359568,2.767591653,-2.841881175,-3.948856347,-6.067074567,,1.262130333,-5.341096467,1.512940222,-6.08233166,-9.63794267,-10.950178
9/12/2020 2:00,2.594971532,-1.955961568,2.720711653,-2.817531175,-4.203356347,-6.046524567,,1.187950333,-5.339076467,1.438760222,-6.11186166,-9.64104267,-10.920378
9/12/2020 2:56,2.709411532,-1.982935568,2.835151653,-2.874691175,-3.856456347,-6.097764567,,1.034796333,-5.415716467,1.285606222,-6.02976566,-9.73024267,-10.928978
9/12/2020 3:52,2.537911532,-2.487559568,2.663651653,-3.508261175,-4.076016347,-6.228934567,,1.242452333,-5.355576467,1.493262222,-6.10878966,-9.62964267,-10.935678
9/12/2020 4:48,2.632331532,-1.961106568,2.758071653,-2.772371175,-3.834606347,-6.045184567,,1.105921333,-5.366446467,1.356731222,-6.07911066,-9.68044267,-10.892678
9/12/2020 5:44,2.659181532,-2.455585568,2.784921653,-3.478691175,-3.792006347,-6.214364567,,1.263768333,-5.322326467,1.514578222,-6.07674366,-9.60894267,-10.938078
9/12/2020 6:40,2.672191532,-2.377576568,2.797931653,-3.369201175,-3.773306347,-6.190954567,,1.196126333,-5.303376467,1.446936222,-5.97738566,-9.66564267,-10.916178
9/12/2020 7:36,2.603011532,-1.919852568,2.728751653,-2.729891175,-3.827726347,-5.989724567,,1.289277333,-5.289066467,1.540087222,-6.03951466,-9.61134267,-10.908078
9/12/2020 8:32,2.597321532,-2.419484568,2.723061653,-3.338851175,-4.067956347,-6.163314567,,1.087858333,-5.327856467,1.338668222,-5.92939366,-9.72074267,-10.918878
9/12/2020 9:28,2.571751532,-2.351510568,2.697491653,-3.314331175,-3.766426347,-6.149544567,,1.215715333,-5.339336467,1.466525222,-6.01854666,-9.58124267,-10.923378
9/12/2020 10:24,2.607281532,-1.875448568,2.733021653,-2.795551175,-3.850186347,-5.943654567,,1.151411333,-5.321256467,1.402221222,-6.06038066,-9.59014267,-10.908178
9/12/2020 11:20,2.487331532,-2.327486568,2.613071653,-3.124821175,-3.955966347,-6.123434567,,1.167309333,-5.345516467,1.418119222,-6.12587266,-9.58594267,-10.929178
9/12/2020 12:16,2.466061532,-1.858611568,2.591801653,-2.555481175,-3.946026347,-5.938384567,,0.934346333,-5.344496467,1.185156222,-6.03194566,-9.70464267,-10.970678
9/12/2020 13:12,2.431341532,-1.877534568,2.557081653,-2.616641175,-3.842196347,-5.929394567,,0.985244333,-5.387446467,1.236054222,-6.07690766,-9.64534267,-10.982178
9/12/2020 14:08,2.462991532,-1.877578568,2.588731653,-2.785241175,-3.791826347,-5.957654567,,1.033843333,-5.405206467,1.284653222,-6.19121866,-9.61044267,-10.978578
9/12/2020 15:04,2.427461532,-2.398994568,2.553201653,-3.452721175,-4.024686347,-6.148154567,,1.039627333,-5.423196467,1.290437222,-6.14163466,-9.59364267,-10.987178
9/12/2020 16:00,2.369001532,-1.887965568,2.494741653,-2.700821175,-3.743636347,-5.935604567,,0.953803333,-5.399656467,1.204613222,-6.09122866,-9.57704267,-10.980578
9/12/2020 16:56,2.314261532,-1.883441568,2.440001653,-2.642991175,-4.117916347,-5.960494567,,0.946699333,-5.415056467,1.197509222,-6.14407266,-9.58024267,-10.989278
9/12/2020 17:52,2.270881532,-1.882666568,2.396621653,-2.759651175,-3.840046347,-5.966384567,,0.760161133,-5.433496467,1.010971022,-6.11190086,-9.67934267,-11.024478
9/12/2020 18:48,2.189961532,-1.933791568,2.315701653,-2.715771175,-4.129336347,-5.994534567,,0.796673113,-5.396456467,1.047483002,-6.06556888,-9.67534267,-11.075878
9/12/2020 19:44,2.060171532,-1.932567568,2.185911653,-2.634641175,-3.905426347,-5.993024567,,0.827265733,-5.400086467,1.078075622,-6.20802626,-9.61964267,-11.064078
9/12/2020 20:40,2.100951532,-1.949260568,2.226691653,-2.793131175,-3.809926347,-6.008154567,,0.857688233,-5.445826467,1.108498122,-6.17376376,-9.62234267,-11.113678
9/12/2020 21:36,1.986021532,-1.964911568,2.111761653,-2.595761175,-4.071516347,-6.036904567,,0.754113733,-5.492836467,1.004923622,-6.17311826,-9.64604267,-11.146578
9/12/2020 22:32,2.015271532,-2.039665568,2.141011653,-2.850241175,-4.197476347,-6.097884567,,0.717435933,-5.557146467,0.968245822,-6.22385606,-9.65894267,-11.161478
9/12/2020 23:28,1.897371532,-2.051939568,2.023111653,-2.686251175,-4.096456347,-6.086874567,,0.583761333,-5.482936467,0.834571222,-6.15999066,-9.80604267,-11.156178
9/13/2020 0:24,1.780441532,-2.067991568,1.906181653,-2.741261175,-3.965446347,-6.108944567,,0.631033333,-5.498986467,0.881843222,-6.19502866,-9.76664267,-11.160078
9/13/2020 1:20,1.772041532,-2.535655568,1.897781653,-3.379181175,-4.040046347,-6.322074567,,0.676091333,-5.557016467,0.926901222,-6.17886066,-9.69424267,-11.184878
9/13/2020 2:16,1.859061532,-2.114065568,1.984801653,-2.996691175,-4.123766347,-6.140374567,,0.640344333,-5.517816467,0.891154222,-6.29338766,-9.69964267,-11.132978
9/13/2020 3:12,1.709321532,-2.065638568,1.835061653,-2.812121175,-3.953896347,-6.165964567,,0.683845333,-5.482626467,0.934655222,-6.18158666,-9.67954267,-11.170778
9/13/2020 4:08,1.747961532,-2.070438568,1.873701653,-2.826311175,-3.959616347,-6.090644567,,0.600763333,-5.415836467,0.851573222,-6.17698866,-9.65144267,-11.109878
9/13/2020 5:05,1.967161532,-2.046396568,2.092901653,-2.764761175,-4.194006347,-6.065514567,,0.694386333,-5.458106467,0.945196222,-6.16564566,-9.62424267,-11.135078
9/13/2020 6:01,1.626201532,-1.974501568,1.751941653,-2.634091175,-3.922626347,-6.087434567,,0.691027333,-5.486776467,0.941837222,-6.16344466,-9.60334267,-11.101678
9/13/2020 6:57,1.446991532,-1.856721568,1.572731653,-2.792811175,-3.891706347,-6.065334567,,0.675619333,-5.418436467,0.926429222,-6.09832266,-9.61974267,-11.066978
9/13/2020 7:53,1.261561532,-2.158793568,1.387301653,-3.398931175,-4.183696347,-6.042954567,,0.508163333,-5.401396467,0.758973222,-5.97498566,-9.65944267,-11.043078
9/13/2020 8:49,0.803921532,-2.162079568,0.929661653,-3.608661175,-3.979886347,-6.057594567,,0.078340333,-5.390816467,0.329150222,-6.07749266,-9.57044267,-11.012178
9/13/2020 9:45,,,,,,,,,,,,,
9/13/2020 10:41,,,,,,,,,,,,,
9/13/2020 11:37,,,,,,,,,,,,,
9/13/2020 12:33,,,,,,,,,,,,,
9/13/2020 13:01,-11.09802847,-14.46141157,-10.97228835,-14.65356118,-21.41797635,-22.34597457,,-2.478166667,-11.77366647,-2.227356778,-13.66193866,-16.98624267,-20.137878
9/13/2020 13:57,-9.038408468,-13.58291157,-8.912668347,-14.09966118,-19.43947635,-21.65317457,,-1.789876667,-11.35916647,-1.539066778,-13.19299866,-17.25694267,-20.166278
9/13/2020 14:54,-8.625978468,-13.66321157,-8.500238347,-14.61306118,-19.60587635,-21.64777457,,-1.975976667,-11.70106647,-1.725166778,-13.62790866,-16.59234267,-20.634378
9/13/2020 15:50,-8.168568468,-13.07431157,-8.042828347,-14.36101118,-19.11977635,-20.91267457,,-1.436726667,-11.25826647,-1.185916778,-13.16476866,-16.92494267,-20.102978
9/13/2020 16:46,-8.391788468,-13.48331157,-8.266048347,-14.65941118,-18.51347635,-21.39417457,,-1.716766667,-12.23796647,-1.465956778,-13.93931866,-17.33084267,-20.554878
9/13/2020 17:42,-8.857318468,-13.12511157,-8.731578347,-14.35837118,-18.11777635,-21.30477457,,-1.788036667,-12.03886647,-1.537226778,-14.07019866,-18.22324267,-20.396278
9/13/2020 18:38,-8.905638468,-13.22501157,-8.779898347,-14.54837118,-19.18647635,-21.53717457,,-1.579736667,-12.35656647,-1.328926778,-14.62216966,-18.47104267,-20.748678
9/13/2020 19:34,-8.434998468,-13.34941157,-8.309258347,-14.48305118,-19.72707635,-21.66577457,,-1.097076667,-12.64506647,-0.846266778,-14.99892966,-18.45734267,-21.139578
9/13/2020 20:30,-7.938248468,-13.89411157,-7.812508347,-14.08984118,-19.09187635,-22.23287457,,-0.686186667,-13.41486647,-0.435376778,-15.68510966,-19.19384267,-21.913078
9/13/2020 21:26,-8.055238468,-13.70941157,-7.929498347,-14.44716118,-19.72397635,-22.02977457,,-0.526406667,-13.56426647,-0.275596778,-15.10311966,-18.69464267,-21.987378
9/13/2020 22:22,-10.59887847,-14.67291157,-10.47313835,-15.75925118,-21.60097635,-23.28347457,,-2.048116667,-15.45736647,-1.797306778,-17.30396866,-21.75104267,-24.094578
9/13/2020 23:18,-9.531848468,-13.69051157,-9.406108347,-14.97270118,-21.37277635,-22.13057457,,-1.422236667,-14.66846647,-1.171426778,-16.36543866,-21.06864267,-23.265778
9/14/2020 0:14,-8.189298468,-13.27841157,-8.063558347,-14.23564118,-19.94517635,-21.73777457,,0.156477333,-13.62656647,0.407287222,-15.40027466,-19.87114267,-22.413778
9/14/2020 1:10,-18.48799847,-20.96631157,-18.36225835,-21.76109118,-28.67967635,-29.06477457,,-4.979796667,-18.79156647,-4.728986778,-21.61303866,-22.25264267,-26.522378
9/14/2020 2:06,-10.38769847,-17.13011157,-10.26195835,-18.73186118,-23.26447635,-26.13917457,,-17.92775667,-28.04246647,-17.67694678,-35.82406866,-31.96064267,-31.340878
9/14/2020 3:02,-6.907288468,-15.79391157,-6.781548347,-17.38122118,-23.70097635,-25.09447457,,-14.65525667,-27.01426647,-14.40444678,-30.58016866,-29.08324267,-34.619678
9/14/2020 3:58,-1.940565468,-16.08401157,-1.814825347,-17.57932818,-23.13217635,-25.84077457,,-4.764626667,-22.36576647,-4.513816778,-26.22542866,-20.56474267,-30.732378
9/14/2020 4:54,-0.111508468,-16.08231157,0.014231653,-17.57949118,-22.87617635,-25.71807457,,1.700021333,-17.24046647,1.950831222,-20.91764066,-14.73014267,-26.456778
9/14/2020 5:50,-0.016948468,-15.72331157,0.108791653,-17.01832118,-22.59237635,-25.11167457,,4.371453333,-14.69596647,4.622263222,-18.35329866,-18.40954267,-24.424078
9/14/2020 6:46,-1.378618468,-15.91611157,-1.252878347,-17.10023118,-22.85357635,-25.22077457,,5.276903333,-13.96416647,5.527713222,-17.58314866,-19.04694267,-23.827178
9/14/2020 7:42,-1.092198468,-15.97121157,-0.966458347,-17.19845118,-22.57407635,-25.08817457,,5.024113333,-13.81696647,5.274923222,-17.35701866,-18.79664267,-23.635478
9/14/2020 8:42,,,,,,,,,,,,,
9/14/2020 9:42,-4.409788468,-15.37121157,-4.284048347,-17.38955118,-21.88147635,-25.29507457,,3.161183333,-13.45466647,3.411993222,-16.92019866,-18.31564267,-23.258878
9/14/2020 10:38,-4.725638468,-13.64501157,-4.599898347,-15.01339218,-21.09337635,-23.28597457,,1.633570333,-12.82176647,1.884380222,-15.62648166,-18.28934267,-22.208378
9/14/2020 11:34,-3.669678468,-11.20916157,-3.543938347,-12.96916118,-18.76517635,-19.60937457,,-1.883956667,-12.84116647,-1.633146778,-14.50944866,-19.70494267,-22.925278
9/14/2020 12:30,-3.904568468,-8.862851568,-3.778828347,-10.44056118,-16.52917635,-17.00477457,,0.486919333,-12.05146647,0.737729222,-13.45123466,-19.19784267,-22.102978
9/14/2020 13:26,-2.652415768,-8.327691568,-2.526675647,-10.07187848,-14.90127635,-16.03487457,,2.064143333,-11.91536647,2.314953222,-13.22183866,-19.31544267,-21.456378
9/14/2020 14:22,-6.023258468,-10.09317157,-5.897518347,-11.75536018,-17.56277635,-17.44227457,,-0.173473667,-13.56746647,0.077336222,-14.60307366,-20.15904267,-22.778878
9/14/2020 15:18,-3.558870468,-7.631041568,-3.433130347,-9.204853175,-15.59287635,-14.85097457,,1.825353333,-13.02176647,2.076163222,-14.16149866,-17.88754267,-22.158878
9/14/2020 16:14,-2.159364468,-7.172351568,-2.033624347,-8.827597175,-14.53717635,-13.92177457,,0.922959333,-12.79766647,1.173769222,-13.92023166,-18.21554267,-21.797578
9/14/2020 17:11,-0.521248468,-6.190931568,-0.395508347,-7.761871175,-12.92037635,-12.83627457,,0.285856333,-12.53496647,0.536666222,-13.28950066,-17.70614267,-21.129278
9/14/2020 18:07,-1.390408468,-5.993731568,-1.264668347,-7.370392175,-12.24403635,-12.47167457,,-0.230646667,-12.13936647,0.020163222,-13.00478696,-17.20914267,-20.739778
9/14/2020 19:03,-1.219788468,-5.169961568,-1.094048347,-6.929250475,-11.43307635,-11.17735457,,-0.426326667,-11.46086647,-0.175516778,-12.43245466,-16.88994267,-19.733378
9/14/2020 19:59,-1.038168468,-4.544081568,-0.912428347,-6.082560175,-10.86003635,-10.27947457,,0.158693333,-10.87406647,0.409503222,-11.63918666,-16.04504267,-18.794878
9/14/2020 20:55,-0.909718468,-4.112041568,-0.783978347,-5.689931175,-10.31424635,-9.456594567,,-0.212936667,-10.03756647,0.037873222,-11.00467256,-16.02384267,-17.889478
9/14/2020 21:51,-0.802898468,-3.842181568,-0.677158347,-5.436641175,-9.761876347,-8.905014567,,-0.227616667,-9.573166467,0.023193222,-10.55859545,-15.67774267,-17.194778
9/14/2020 22:47,-0.374958468,-3.562376568,-0.249218347,-5.070731175,-9.070566347,-8.515934567,,0.013366333,-9.106726467,0.264176222,-10.11328466,-15.16164267,-16.474578
9/14/2020 23:43,-0.194008468,-3.813364768,-0.068268347,-4.991681175,-8.550456347,-8.360944567,,-0.102981667,-8.749946467,0.147828222,-9.89542466,-14.83644267,-15.960478
9/15/2020 0:39,-0.031268468,-3.404442568,0.094471653,-4.910521175,-8.056366347,-8.202934567,,0.073242333,-8.568206467,0.324052222,-9.58717666,-14.51744267,-15.448378
9/15/2020 1:35,-0.162938468,-3.366838568,-0.037198347,-5.013001175,-7.669866347,-8.009104567,,0.390306333,-8.336006467,0.641116222,-9.35696066,-13.90214267,-15.029278
9/15/2020 2:31,-0.191058468,-3.317147568,-0.065318347,-4.954731175,-7.224636347,-7.897754567,,0.143570333,-8.154536467,0.394380222,-9.35378266,-14.08694267,-14.687678
9/15/2020 3:27,-0.182088468,-3.268446568,-0.056348347,-4.845251175,-6.847166347,-7.842234567,,0.180392333,-7.976016467,0.431202222,-9.30065466,-13.81144267,-14.476678
9/15/2020 4:23,-0.113378468,-3.216208568,0.012361653,-4.809521175,-6.545946347,-7.730924567,,0.231104333,-7.860596467,0.481914222,-9.17065566,-13.69384267,-14.167178
9/15/2020 5:03,,,,,,,,,,,,,
9/15/2020 5:14,,,,,,,,,,,,,
9/15/2020 5:25,,,,,,,,,,,,,
9/15/2020 5:36,,,,,,,,,,,,,
9/15/2020 5:47,,,,,,,,,,,,,
9/15/2020 5:58,,,,,,,,,,,,,
9/15/2020 6:07,,,,,,,,,,,,,
9/15/2020 7:03,,,,,,,,,,,,,
9/15/2020 7:59,1.173481532,-2.101531568,1.244011653,-3.081601175,-5.386046347,-6.380694567,,5.783123333,-5.264246467,6.033933222,-6.03803866,-12.07204267,-11.642678
9/15/2020 8:55,1.690341532,-1.935421568,1.760871653,-2.857931175,-5.244356347,-6.292064567,,5.630213333,-5.229956467,5.881023222,-6.09124866,-11.92574267,-11.604578
9/15/2020 9:51,1.821971532,-2.102860568,1.892501653,-2.944381175,-5.117306347,-6.302954567,,5.591983333,-5.175356467,5.842793222,-6.02430866,-11.79234267,-11.542278
9/15/2020 10:47,1.804671532,-1.884159568,1.875201653,-2.737041175,-5.126476347,-6.218884567,,5.678103333,-5.169896467,5.928913222,-5.98704866,-11.50334267,-11.526578
9/15/2020 11:43,1.926621532,-1.921270568,1.997151653,-2.738341175,-5.095996347,-6.225984567,,5.242023333,-5.069856467,5.492833222,-5.90055866,-11.56484267,-11.439078
9/15/2020 12:39,1.885061532,-2.169267568,1.955591653,-2.949861175,-5.180356347,-6.302074567,,5.196953333,-5.168366467,5.447763222,-5.96232866,-11.38074267,-11.520178
9/15/2020 13:35,1.650521532,-2.189370568,1.721051653,-3.018691175,-5.245496347,-6.361314567,,5.058023333,-5.174806467,5.308833222,-5.91160866,-11.25774267,-11.457478
9/15/2020 14:31,1.653731532,-2.180407568,1.724261653,-3.040961175,-5.125496347,-6.348184567,,5.136923333,-5.050556467,5.387733222,-5.82384866,-10.90424267,-11.390578
9/15/2020 15:27,2.186051532,-2.194324568,2.256581653,-3.008991175,-4.967236347,-6.375284567,,5.010013333,-5.112606467,5.260823222,-5.80496866,-10.81614267,-11.372078
9/15/2020 16:23,2.022441532,-2.017481568,2.092971653,-2.821651175,-5.137176347,-6.244064567,,4.961273333,-5.209396467,5.212083222,-5.99994866,-10.98104267,-11.331778
9/15/2020 17:19,2.450151532,-2.232596568,2.520681653,-3.014781175,-5.131496347,-6.308614567,,4.665513333,-5.162106467,4.916323222,-5.93827866,-10.80384267,-11.358078
9/15/2020 18:15,2.593441532,-2.045126568,2.663971653,-2.838851175,-5.095396347,-6.235494567,,4.645443333,-5.119736467,4.896253222,-5.88667866,-10.81724267,-11.293678
9/15/2020 19:11,2.696591532,-2.240864568,2.767121653,-3.115611175,-5.313666347,-6.344114567,,4.521663333,-5.056976467,4.772473222,-5.79637866,-10.83664267,-11.216878
9/15/2020 20:07,3.011461532,-2.354240568,3.081991653,-3.181601175,-5.230876347,-6.485134567,,4.451063333,-5.173886467,4.701873222,-5.88755866,-10.89024267,-11.306478
9/15/2020 21:03,3.151581532,-2.713031568,3.222111653,-3.654891175,-5.593556347,-6.787764567,,4.177323333,-5.164316467,4.428133222,-5.79788866,-10.85344267,-11.309978
9/15/2020 21:59,3.603051532,-2.809986068,3.673581653,-3.805641175,-5.846056347,-6.856464567,,3.790943333,-5.243636467,4.041753222,-5.89111866,-11.04934267,-11.303778
9/15/2020 22:55,3.641361532,-2.788607668,3.711891653,-3.847961175,-5.887056347,-6.762054567,,3.721813333,-5.217716467,3.972623222,-5.90153866,-11.10034267,-11.252378
9/15/2020 23:51,3.763401532,-2.897380168,3.833931653,-4.000451175,-5.928376347,-6.902484567,,3.709613333,-5.206106467,3.960423222,-5.88366866,-11.09214267,-11.255078
9/16/2020 0:47,3.715661532,-3.063727568,3.786191653,-4.166731175,-6.102796347,-7.075144567,,3.709193333,-5.280316467,3.960003222,-5.88458866,-11.05534267,-11.285178
9/16/2020 1:43,3.680771532,-3.199769568,3.751301653,-4.393821175,-6.291526347,-7.169074567,,3.746073333,-5.358196467,3.996883222,-5.95291866,-10.96474267,-11.266678
9/16/2020 2:39,3.614331532,-3.423964568,3.684861653,-4.680921175,-6.397586347,-7.378824567,,3.715113333,-5.425816467,3.965923222,-6.01577866,-10.93284267,-11.361678
9/16/2020 3:35,3.600271532,-3.494549568,3.670801653,-4.725921175,-6.399436347,-7.433334567,,3.492763333,-5.422496467,3.743573222,-6.01864866,-11.17044267,-11.270578
9/16/2020 4:31,3.337291532,-3.716361568,3.407821653,-5.063501175,-6.627006347,-7.704704567,,3.456343333,-5.434696467,3.707153222,-6.09776866,-11.16974267,-11.345978
9/16/2020 5:27,3.066301532,-4.073571568,3.136831653,-5.542448175,-6.954596347,-8.138174567,,3.282983333,-5.711046467,3.533793222,-6.33321866,-11.31134267,-11.580678
9/16/2020 6:23,3.023901532,-4.148951568,3.094431653,-5.637224175,-6.997996347,-8.182734567,,3.199913333,-5.896096467,3.450723222,-6.44864866,-11.39604267,-11.693478
9/16/2020 7:20,2.345811532,-4.150191568,2.416341653,-5.566409175,-6.933506347,-8.340704567,,3.349563333,-5.990566467,3.600373222,-6.45701866,-11.28554267,-11.804478
9/16/2020 8:16,2.348751532,-4.047801568,2.419281653,-5.627444175,-6.904306347,-8.260204567,,3.378923333,-5.971806467,3.629733222,-6.46337866,-11.31674267,-11.766478
9/16/2020 9:15,,,,,,,,,,,,,
9/16/2020 10:05,0.665751532,-5.212421568,0.736281653,-6.691974175,-8.068476347,-9.166454567,,2.019293333,-6.744156467,2.270103222,-7.30480866,-11.63184267,-12.553178
9/16/2020 11:01,1.643601532,-4.515811568,1.714131653,-6.138140175,-7.198886347,-8.643674567,,2.408643333,-6.423866467,2.659453222,-6.91130866,-11.64814267,-12.203078
9/16/2020 11:57,1.850701532,-4.299311568,1.921231653,-5.815367175,-6.911266347,-8.435674567,,2.573963333,-6.094436467,2.824773222,-6.60296866,-11.23154267,-11.846878
9/16/2020 12:53,2.038421532,-4.166671568,2.108951653,-5.823019175,-6.766696347,-8.264104567,,2.530093333,-5.952426467,2.780903222,-6.50863866,-11.20564267,-11.688078
9/16/2020 13:49,2.113291532,-4.179871568,2.183821653,-5.801852175,-6.804756347,-8.313984567,,2.566713333,-5.949776467,2.817523222,-6.46008866,-11.16544267,-11.684078
9/16/2020 14:45,2.637951532,-3.985501568,2.708481653,-5.788081175,-6.886606347,-8.332744567,,2.601193333,-5.921336467,2.852003222,-6.48687866,-11.00934267,-11.706378
9/16/2020 15:41,2.679611532,-3.966141568,2.750141653,-5.734626175,-6.709066347,-8.235494567,,2.403663333,-5.906166467,2.654473222,-6.53207866,-11.09194267,-11.763578
9/16/2020 16:37,2.680721532,-4.109101568,2.751251653,-5.695074175,-6.906356347,-8.331524567,,2.576133333,-5.901196467,2.826943222,-6.44364866,-11.08464267,-11.744878
9/16/2020 17:33,2.586261532,-3.972531568,2.656791653,-5.422337175,-6.824356347,-8.241104567,,2.472593333,-5.831716467,2.723403222,-6.46098866,-11.07804267,-11.684578
9/16/2020 18:29,2.537271532,-3.982351568,2.607801653,-5.499904175,-6.780086347,-8.175884567,,2.642213333,-5.928736467,2.893023222,-6.38925866,-10.99134267,-11.799078
9/16/2020 19:25,2.612601532,-3.988631568,2.683131653,-5.552886175,-6.785386347,-8.183804567,,2.483223333,-5.942256467,2.734033222,-6.44276866,-11.07044267,-11.783578
9/16/2020 20:21,2.652041532,-4.042821568,2.722571653,-5.606247175,-6.784286347,-8.255584567,,2.652083333,-5.848226467,2.902893222,-6.35760866,-10.99584267,-11.688378
9/16/2020 21:17,2.648701532,-4.203551568,2.719231653,-5.782229175,-6.625846347,-8.300004567,,2.580253333,-5.878546467,2.831063222,-6.38506866,-11.08634267,-11.747778
9/16/2020 22:14,2.702621532,-4.041081568,2.773151653,-5.662656175,-6.660886347,-8.212814567,,2.458173333,-5.831686467,2.708983222,-6.41224866,-11.09644267,-11.646478
9/16/2020 23:10,2.824341532,-4.156391568,2.894871653,-5.832583175,-6.598976347,-8.244024567,,2.482993333,-5.780286467,2.733803222,-6.38731866,-11.10224267,-11.674378
9/17/2020 0:06,2.989631532,-3.990351568,3.060161653,-5.761918175,-6.651876347,-8.195704567,,2.594623333,-5.732246467,2.845433222,-6.38651866,-11.11884267,-11.608878
9/17/2020 1:02,2.941941532,-4.123031568,3.012471653,-5.900741175,-6.625026347,-8.292084567,,2.789573333,-5.728326467,3.040383222,-6.25290866,-11.00104267,-11.616078
9/17/2020 1:58,2.878501532,-4.120511568,2.949031653,-5.783129175,-6.692206347,-8.260414567,,2.506083333,-5.797806467,2.756893222,-6.31927866,-11.10624267,-11.651278
9/17/2020 2:54,2.893131532,-3.975441568,2.963661653,-5.603868175,-6.733826347,-8.160934567,,2.606663333,-5.757026467,2.857473222,-6.28186866,-11.14604267,-11.593678
9/17/2020 3:50,2.881871532,-3.965601568,2.952401653,-5.701079175,-6.619996347,-8.164644567,,2.814343333,-5.782256467,3.065153222,-6.23141866,-11.00604267,-11.679878
9/17/2020 4:46,4.722791532,-2.093605568,4.793321653,-3.792261175,-5.257836347,-6.529424567,,3.180483333,-5.073736467,3.431293222,-5.70839866,-10.75454267,-11.116378
9/17/2020 5:42,4.609681532,-2.103021568,4.680211653,-3.702031175,-5.338376347,-6.542364567,,3.211913333,-5.067726467,3.462723222,-5.69206866,-10.75124267,-11.128178
9/17/2020 6:38,4.634271532,-2.054338568,4.704801653,-3.700771175,-5.206936347,-6.489774567,,3.393183333,-5.053116467,3.643993222,-5.61638866,-10.78924267,-11.097178
9/17/2020 7:34,4.574301532,-2.067616568,4.644831653,-3.708431175,-5.251306347,-6.488614567,,3.169663333,-5.080876467,3.420473222,-5.69340866,-10.68574267,-11.094278
9/17/2020 8:30,4.662221532,-2.073388568,4.732751653,-3.751851175,-5.172916347,-6.489984567,,3.165083333,-5.035526467,3.415893222,-5.65858866,-10.61824267,-11.082678
9/17/2020 9:30,,,,,,,,,,,,,
9/17/2020 10:59,3.802793253,-2.713110568,3.895601653,-4.100271175,-5.786946347,-7.268264567,,2.208703333,-5.490576467,2.459513222,-6.35333866,-10.93954267,-11.548078
9/17/2020 11:55,4.048301532,-2.458869568,4.118831653,-3.987111175,-5.599076347,-6.907394567,,2.729673333,-5.285916467,2.980483222,-6.02740866,-10.94204267,-11.220678
9/17/2020 12:51,4.326531532,-2.251964568,4.397061653,-3.757521175,-5.329026347,-6.730734567,,2.881753333,-4.963416467,3.132563222,-5.71830866,-10.57544267,-10.942878
9/17/2020 13:47,4.389721532,-2.205075568,4.460251653,-3.662191175,-5.343386347,-6.645454567,,3.187583333,-4.978316467,3.438393222,-5.68284866,-10.63934267,-10.909378
9/17/2020 14:43,4.432341532,-2.185863568,4.502871653,-3.683191175,-5.272716347,-6.662184567,,2.990063333,-4.938356467,3.240873222,-5.66110866,-10.56614267,-10.908778
9/17/2020 15:39,4.547421532,-2.131083568,4.617951653,-3.728111175,-5.266496347,-6.581624567,,3.151313333,-4.977526467,3.402123222,-5.73227866,-10.59484267,-10.896078
9/17/2020 16:35,4.622761532,-2.207947568,4.693291653,-3.661941175,-5.408926347,-6.600374567,,3.024623333,-4.968046467,3.275433222,-5.69937866,-10.63454267,-10.980878
9/17/2020 17:31,4.644061532,-2.251272568,4.714591653,-3.798491175,-5.465426347,-6.651314567,,2.771313333,-5.035416467,3.022123222,-5.86620866,-10.51214267,-10.925678
9/17/2020 18:27,4.912901532,-2.238083568,4.983431653,-3.703471175,-5.435566347,-6.665714567,,3.184723333,-5.107836467,3.435533222,-5.87904866,-10.64574267,-10.945478
9/17/2020 19:23,4.975911532,-2.237901568,5.046441653,-3.691691175,-5.470476347,-6.684904567,,2.816673333,-5.187306467,3.067483222,-6.05006866,-10.51144267,-11.005878
9/17/2020 20:19,4.982581532,-2.287807568,5.053111653,-3.798871175,-5.512986347,-6.719594567,,2.897033333,-5.239546467,3.147843222,-5.99163866,-10.63224267,-10.998878
9/17/2020 21:15,5.034431532,-2.470555568,5.104961653,-3.983551175,-5.599656347,-6.904824567,,2.765023333,-5.234836467,3.015833222,-6.06364866,-10.56784267,-11.038478
9/17/2020 22:11,5.041921532,-2.483708568,5.112451653,-4.028591175,-5.636256347,-6.945774567,,2.881883333,-5.242176467,3.132693222,-5.99065866,-10.68054267,-11.039878
9/17/2020 23:07,5.007821532,-2.570658568,5.078351653,-4.092851175,-5.646146347,-7.011154567,,2.801653333,-5.296386467,3.052463222,-6.15412866,-10.67734267,-11.116278
9/18/2020 0:03,4.947261532,-2.374598568,5.017791653,-3.867591175,-5.741646347,-6.964814567,,2.703293333,-5.330316467,2.954103222,-6.19376866,-10.65164267,-11.087278
9/18/2020 0:59,4.840081532,-2.775015668,4.910611653,-4.213121175,-5.779976347,-7.159204567,,2.836613333,-5.336746467,3.087423222,-6.09388866,-10.74444267,-11.083478
9/18/2020 1:55,4.807411532,-2.822279468,4.877941653,-4.254741175,-5.798036347,-7.190394567,,2.680813333,-5.391536467,2.931623222,-6.27930866,-10.63594267,-11.104578
9/18/2020 2:51,4.743641532,-2.815292768,4.814171653,-4.259181175,-5.805436347,-7.182174567,,2.656733333,-5.425206467,2.907543222,-6.25152866,-10.71854267,-11.128578
9/18/2020 3:47,4.707431532,-2.831086568,4.777961653,-4.241371175,-5.799326347,-7.205674567,,2.804783333,-5.352076467,3.055593222,-6.17239866,-10.76014267,-11.119178
9/18/2020 4:43,5.300041532,-1.914326568,5.370571653,-3.424931175,-5.275776347,-6.541554567,,2.921393333,-5.190616467,3.172203222,-6.06527866,-10.63754267,-10.954278
9/18/2020 4:53,5.236991532,-2.117828878,5.307521653,-3.385476175,-5.389577347,-6.689794567,,4.771323333,-5.239720467,5.022133222,-5.70835066,-10.67244267,-11.02617133
9/18/2020 5:04,5.332061532,-1.946571768,5.402591653,-3.139765175,-5.288866347,-6.567792567,,4.648033333,-5.206548467,4.898843222,-5.68556866,-10.66348267,-11.01091705
9/18/2020 5:15,5.216251532,-1.775314658,5.286781653,-3.052634175,-5.188155347,-6.445790567,,4.636063333,-5.173376467,4.886873222,-5.71317666,-10.65452267,-10.99566276
9/18/2020 5:26,5.204551532,-1.604057548,5.275081653,-2.880593175,-5.087444347,-6.323788567,,4.627143333,-5.140204467,4.877953222,-5.69315466,-10.64556267,-10.98040848
9/18/2020 5:37,5.342871532,-1.432800438,5.413401653,-2.805032175,-4.986733347,-6.201786567,,4.660383333,-5.107032467,4.911193222,-5.64924266,-10.63660267,-10.96515419
9/18/2020 5:48,5.383081532,-1.261543328,5.453611653,-2.615881175,-4.886022347,-6.079784567,,4.617413333,-5.073860467,4.868223222,-5.63294066,-10.62764267,-10.9498999
9/18/2020 5:59,5.234761532,-1.090286218,5.305291653,-2.293260175,-4.785311347,-5.957782567,,4.623753333,-5.040688467,4.874563222,-5.65168866,-10.61868267,-10.93464562
9/18/2020 6:10,5.390391532,-0.919029108,5.460921653,-2.238689175,-4.684600347,-5.835780567,,4.658543333,-5.007516467,4.909353222,-5.64810666,-10.60972267,-10.91939133
9/18/2020 6:19,5.010181532,-2.561466568,5.080711653,-4.519121175,-5.165606347,-6.775684567,,3.601763333,-5.533366467,3.852573222,-5.94298866,-11.24584267,-11.354778
9/18/2020 7:15,4.978221532,-2.306206568,5.048751653,-4.149721175,-5.282196347,-6.671754567,,3.768983333,-5.448166467,4.019793222,-5.80855866,-10.89284267,-11.349478
9/18/2020 8:11,4.820171532,-2.336507568,4.890701653,-4.150431175,-5.250226347,-6.680484567,,3.698293333,-5.555476467,3.949103222,-5.94199866,-10.99784267,-11.369878
9/18/2020 9:07,5.024931532,-2.280133568,5.095461653,-4.163461175,-5.159536347,-6.673504567,,3.756403333,-5.451926467,4.007213222,-5.86164866,-10.92004267,-11.375278
9/18/2020 10:03,4.873081532,-2.277611568,4.943611653,-4.176401175,-5.160696347,-6.663724567,,3.562393333,-5.526386467,3.813203222,-5.96510866,-11.29664267,-11.351278
9/18/2020 10:59,4.727301532,-2.294314568,4.797831653,-4.122601175,-5.169926347,-6.659784567,,3.583303333,-5.478046467,3.834113222,-5.86085866,-11.25694267,-11.359178
9/18/2020 11:55,4.669801532,-2.542965568,4.740331653,-4.351701175,-5.195616347,-6.657924567,,3.362783333,-5.465456467,3.613593222,-5.87738866,-10.82874267,-11.351778
9/18/2020 12:51,4.493161532,-2.557084568,4.563691653,-4.431651175,-5.204646347,-6.705604567,,3.395153333,-5.384986467,3.645963222,-5.82205866,-10.82084267,-11.342778
9/18/2020 13:47,4.776261532,-2.543469568,4.846791653,-4.470331175,-5.123416347,-6.686714567,,3.402693333,-5.393626467,3.653503222,-5.85527866,-10.88254267,-11.355878
9/18/2020 14:43,4.709701532,-2.549666568,4.780231653,-4.415741175,-5.137526347,-6.694214567,,3.273503333,-5.473576467,3.524313222,-5.88157866,-11.24674267,-11.330678
9/18/2020 15:39,4.435861532,-2.539288568,4.506391653,-4.423111175,-5.158236347,-6.641794567,,3.339643333,-5.436996467,3.590453222,-5.81652866,-11.25174267,-11.342578
9/18/2020 16:35,4.733141532,-2.564672568,4.803671653,-4.452001175,-5.109366347,-6.631454567,,3.383363333,-5.462016467,3.634173222,-5.96190866,-11.12984267,-11.390478
9/18/2020 17:31,4.413381532,-2.606367568,4.483911653,-4.404591175,-5.166776347,-6.615734567,,3.423743333,-5.486876467,3.674553222,-5.98450866,-10.92674267,-11.434278
9/18/2020 18:27,4.362101532,-2.669086568,4.432631653,-4.485591175,-5.195546347,-6.650184567,,3.244473333,-5.529726467,3.495283222,-5.94024866,-11.13224267,-11.442778
9/18/2020 19:23,4.442801532,-2.704767568,4.513331653,-4.519411175,-5.207736347,-6.710974567,,3.092103333,-5.588276467,3.342913222,-6.04820866,-11.25374267,-11.509078
9/18/2020 20:19,4.301751532,-2.730624568,4.372281653,-4.559531175,-5.277916347,-6.739044567,,3.279913333,-5.602956467,3.530723222,-6.15071866,-10.91564267,-11.519278
9/18/2020 21:15,4.164981532,-2.696995568,4.235511653,-4.486761175,-5.263706347,-6.729644567,,3.405113333,-5.515186467,3.655923222,-6.05713866,-11.11784267,-11.473578
9/18/2020 22:11,4.095061532,-2.433709568,4.165591653,-4.163091175,-5.238056347,-6.664404567,,3.548823333,-5.535066467,3.799633222,-6.00802866,-11.14884267,-11.383578
9/18/2020 23:07,4.385361532,-2.693515568,4.455891653,-4.464281175,-5.214076347,-6.726864567,,3.584653333,-5.426676467,3.835463222,-5.94573866,-11.25524267,-11.385878
